"care_site_id","care_site_name","place_of_service_concept_id","location_id","care_site_source_value","place_of_service_source_value"
1,PCP36541,0,,"07832985-ceca-3614-852a-2da55166ecec",
2,PLEXUS ANESTHESIA SERVICES OF MASSACHUSETTS PC,0,,"07c7e325-cf55-3ed7-b1ff-9d7c6375bc98",
3,URGENT CARE MEDICAL CLINIC,0,,"0d1563c1-d56c-362e-9e3d-d74463ebbe0f",
4,ON CALL URGENT CARE CENTER,0,,"108ccece-277a-396f-8bf2-1527f74458eb",
5,PCP167800,0,,"18c9efe7-ec0e-3c35-b58d-738000e2036e",
6,PCP161669,0,,"219754e0-e530-3e9d-a496-987d1d7c8705",
7,MILFORD REGIONAL MEDICAL CENTER,0,,"24cb4eab-6166-3530-bddc-a5a8a14a4fc1",
8,PCP27719,0,,"271b5492-bf28-368c-bbf4-292a532bd090",
9,CONCENTRA URGENT CARE - GREENFIELD,0,,"27f06acd-f732-3871-be87-889fef7d9010",
10,FALLON CLINIC URGENT CARE,0,,"308b5efa-a9c2-3728-b1ff-d29c5f060731",
11,CHELSEA MGH HEALTH CENTER MEDICAL WALK IN,0,,"3265f387-6c51-32ee-8f6d-b2a89caa34d5",
12,CHARLES RIVER MEDICAL ASSOCIATES  PC,0,,"326cf4da-678f-3c88-b807-0231e99cca68",
13,ANNA JAQUES HOSPITAL,0,,"37b4d73f-652d-3033-a16e-d97b9e8b4cda",
14,BEVERLY HOSPITAL CORPORATION,0,,"37c0de84-bcaf-3624-82bf-a89b2ac441b8",
15,CD PRACTICE ASSOCIATES INC,0,,"37c197b5-110f-339b-942e-272137f770b2",
16,NORWOOD HOSPITAL,0,,"3bd5eda0-16da-3ba5-8500-4dfd6ae118b8",
17,NEWTON-WELLESLEY HOSPITAL,0,,"3d10019f-c88e-3de5-9916-6107b9c0263d",
18,PCP15785,0,,"438a54db-5c75-3b76-9357-9028a57babc4",
19,MASSACHUSETTS EYE AND EAR INFIRMARY -,0,,"44bef9d3-91c2-3005-93e0-ccf436348ff0",
20,METROWEST MEDICAL CENTER,0,,"465de31f-3098-365c-af70-48a071e1f5aa",
21,COOLEY DICKINSON HOSPITAL INC THE,0,,"49318f80-bd8b-3fc7-a096-ac43088b0c12",
22,HARRINGTON MEMORIAL HOSPITAL-1,0,,"4bdaa4c2-c664-3089-aee2-7137abbad27f",
23,BERKSHIRE MEDICAL CENTER INC - 1,0,,"4f3a530e-a2f7-3de0-9a09-c0a70a9ab894",
24,MOON HEARING SERVICES  LLC,0,,"4f51b495-ff6a-3b1d-87af-fb6c433a71df",
25,SHRINERS' HOSPITAL FOR CHILDREN (THE),0,,"5103c940-0c08-392f-95cd-446e0cea042a",
26,PCP136067,0,,"586d90ae-7754-30c2-996b-9e62e75227d3",
27,STURDY MEMORIAL HOSPITAL,0,,"5e765f2b-e908-3888-9fc7-df2cb87beb58",
28,PARTNERS COMMUNITY PHYSICIANS ORGANIZATION INC,0,,"65ecdf62-6f9b-3051-824f-6f58a06fb732",
29,LAHEY PHYSICIAN COMMUNITY ORGANIZATION I INC,0,,"6a1edf74-50e2-3f76-8f4b-f856c7baf839",
30,ROUTE 44 MEDICAL WALK-IN,0,,"700056a6-3aea-3efd-8423-a9acbd38a5ea",
31,MT AUBURN PROFESSIONAL SERVICES,0,,"7fa71098-67c9-349b-9fff-a1e6d2c223f2",
32,NANTUCKET COTTAGE HOSPITAL,0,,"80e919cc-df1a-3838-b75e-541564a286e5",
33,MORTON HOSPITAL,0,,"8ad64ecf-c817-3753-bee7-006a8e662e06",
34,PCP298043,0,,"8d64552e-b21e-3da0-8129-e1c6d79ba429",
35,PCP74870,0,,"901b8ebe-f338-3aa4-8cce-5fe855e466c2",
36,PROMPT CARE WALK-IN CLINIC,0,,"90cf148c-69ed-3d33-aa86-b509c6b0b25f",
37,SAINTS WALK-IN MEDICAL CENTER - URGENT CARE AND OCCUPATIONAL HEALTH,0,,"92819cdc-db9e-387e-8c4f-4b2b4e8b2e4f",
38,PCP7483,0,,"973e7384-d05b-32ad-a8cc-c39191ee9150",
39,FONTAINE MEDICAL CENTER,0,,"98d42012-384f-39d9-b210-cc654b9441f6",
40,NEW ENGLAND BAPTIST HOSPITAL,0,,"9a7149fa-49fc-3c87-b935-d29c55808717",
41,PCP119440,0,,"9aad70a5-7d3c-3907-8177-b56f43db7005",
42,BAY STATE PHYSICAL THERAPY OF RANDOLPH PC,0,,a0a14713-50c4-3818-b0cb-8c2047f1458c,
43,MASSACHUSETTS GENERAL PHYSICIANS ORGANIZATION  INC,0,,a73d9755-246c-3e55-8d71-f720bc20e2e0,
44,CAREWELL URGENT CARE CENTERS OF MA  PC,0,,ac17850e-9ee0-34aa-86b0-7814530f26e8,
45,GENERAL HEALTH CARE,0,,b06770b5-b695-3c1a-9685-ae2223966ff7,
46,LOWELL GENERAL HOSPITAL,0,,b0e04623-b02c-3f8b-92ea-943fc4db60da,
47,BETH ISRAEL DEACONESS HOSPITAL - PLYMOUTH,0,,b1ddf812-1fdd-3adf-b1d5-32cc8bd07ebb,
48,MASSACHUSETTS EXPRESS CARE PLLC,0,,b4f385ce-3f32-3097-9754-4ea83d91f11d,
49,ORTHOPEDIC AND SPORTS PHYSICAL THERAPY OF CAPE COD LLC,0,,c1414e2c-48df-3428-92a4-ac36114a2a45,
50,HARVARD VANGUARD BRAINTREE PRACTICE URGENT CARE,0,,c63d0602-724d-3d74-958a-a31b1364eaef,
51,SOUTH BAY MENTAL HEALTH CENTER  INC.,0,,cf5662ba-b6a8-3d44-96c8-8d6fd7b05aaf,
52,FALMOUTH HOSPITAL,0,,d5117822-5756-389d-9547-891a372d580f,
53,PCP16684,0,,d6155326-7127-3791-8031-7704e5d867ce,
54,WALTHAM URGENT CARE,0,,d672f853-e2a5-324e-98fa-c6d5f8dfc255,
55,HALLMARK HEALTH SYSTEM,0,,d692e283-0833-3201-8e55-4f868a9c0736,
56,BRIGHAM AND WOMEN'S FAULKNER HOSPITAL,0,,d733d4a9-080d-3593-b910-2366e652b7ea,
57,BOSTON CHILDREN'S HOSPITAL,0,,d7b11827-25f2-350b-bcd8-939fc59851b0,
58,HOUGHTON PHYSICAL THERAPY AND SPORTS CONDITIONING LLC,0,,d8fa4036-9c9d-3aab-94ae-dfd93364d0b8,
59,CAMBRIDGE HEALTH ALLIANCE,0,,e002090d-4e92-300e-b41e-7d1f21dee4c6,
60,WINCHESTER HOSPITAL,0,,f4e7709c-02f6-37ca-aeea-8247d74e88e7,
61,COMFORT VISION INC,0,,f9feb224-da71-34f8-a37b-cbaca51ee431,
62,BAYSTATE FRANKLIN MEDICAL CENTER,0,,fbf6180e-b800-3ebe-b91d-93d0288c400e,
63,MERCY MEDICAL CTR,0,,fd328395-ab1d-35c6-a2d0-d05a9a79cf11,
