"location_id","address_1","address_2","city","state","county","zip","location_source_value","country_concept_id","country_source_value","latitude","longitude"
1,,,Taunton,MA,,,,,,,
2,,,Turners Falls,MA,,"01376","01376",,,,
3,,,Billerica,MA,,,,,,,
4,,,Middleton,MA,,,,,,,
5,,,Malden,MA,,"02155","02155",,,,
6,,,Lowell,MA,,"01851","01851",,,,
7,,,Orleans,MA,,"02653","02653",,,,
8,,,Plymouth,MA,,"02360","02360",,,,
9,,,Yarmouth,MA,,,,,,,
10,,,Everett,MA,,,,,,,
11,,,North Attleborough,MA,,,,,,,
12,,,Springfield,MA,,"01013","01013",,,,
13,,,Williamsburg,MA,,,,,,,
14,,,East Harwich,MA,,"02645","02645",,,,
15,,,Newton,MA,,"02462","02462",,,,
16,,,Uxbridge,MA,,,,,,,
17,,,Orleans,MA,,"02653","02653",,,,
18,,,Sharon,MA,,,,,,,
19,,,Pittsfield,MA,,"01201","01201",,,,
20,,,Weymouth,MA,,"02188","02188",,,,
21,,,Groveland,MA,,,,,,,
22,,,East Brookfield,MA,,,,,,,
23,,,Framingham,MA,,"01701","01701",,,,
24,,,Orleans,MA,,"02653","02653",,,,
25,,,Winchester,MA,,"01890","01890",,,,
26,,,Mashpee,MA,,,,,,,
27,,,Somerville,MA,,"02155","02155",,,,
