"person_id","gender_concept_id","year_of_birth","month_of_birth","day_of_birth","birth_datetime","race_concept_id","ethnicity_concept_id","location_id","provider_id","care_site_id","person_source_value","gender_source_value","gender_source_concept_id","race_source_value","race_source_concept_id","ethnicity_source_value","ethnicity_source_concept_id"
1,8532,2013,11,9,,8527,38003564,,,,"1854be9f-f085-e266-4e76-aa78df71a54e",F,0,white,0,nonhispanic,0
2,8507,1968,9,25,,8515,38003564,,,,"1cd7cc0a-2e2a-c167-1207-cad02d69328e",M,0,asian,0,nonhispanic,0
3,8532,1996,6,5,,8527,38003564,,,,"1d3d16ce-a3a4-5e9e-1b4d-58a391895443",F,0,white,0,nonhispanic,0
4,8507,1973,10,28,,8527,38003564,,,,"261ad2a4-7c6f-da54-6a5b-3441beab9a6a",M,0,white,0,nonhispanic,0
5,8507,1973,10,28,,8527,38003564,,,,"280ee8b5-6ebb-11cf-e4db-8cf101827ec7",M,0,white,0,nonhispanic,0
6,8507,1949,11,26,,8527,38003564,,,,"319af005-46b9-f635-79dd-ec44d34a8c23",M,0,white,0,nonhispanic,0
7,8507,2013,12,31,,8527,38003564,,,,"347efff6-86d5-bbd7-b570-ab9a7f43f97b",M,0,white,0,nonhispanic,0
8,8507,1977,7,16,,8527,38003564,,,,"38ddd8f0-92c9-be23-af25-de672103903b",M,0,white,0,nonhispanic,0
9,8532,1963,6,14,,8527,38003564,,,,"3a2fa41c-32a1-ca99-ecd8-fdacae38fc3e",F,0,white,0,nonhispanic,0
10,8507,2014,10,6,,8527,38003564,,,,"3edac2e3-d223-6fae-d515-daf96ef6bc76",M,0,white,0,nonhispanic,0
11,8532,2010,2,17,,0,38003563,,,,"42c09e08-1dbf-546f-fe06-f8e92891c41e",F,0,hawaiian,0,hispanic,0
12,8507,1981,2,24,,8527,38003564,,,,"42e628c2-4a32-8dee-523c-c2f1cd08268e",M,0,white,0,nonhispanic,0
13,8507,2010,6,30,,8527,38003564,,,,"4e62b363-ec6a-eb0b-a901-343263e2b215",M,0,white,0,nonhispanic,0
14,8532,2003,5,2,,8527,38003564,,,,"50730ee5-553c-2383-fa04-f9a2a5a47f6f",F,0,white,0,nonhispanic,0
15,8532,1987,5,6,,8527,38003564,,,,"5a595dfb-9ecf-d4ac-2893-b3e1ced04951",F,0,white,0,nonhispanic,0
16,8507,1971,5,16,,8527,38003564,,,,"5f8d3e13-bc80-dd66-0f1b-d24f9692a697",M,0,white,0,nonhispanic,0
17,8532,1982,6,19,,8527,38003564,,,,"61cd0a27-0dc6-dab3-1432-93e5f02bf3a3",F,0,white,0,nonhispanic,0
18,8532,2024,1,3,,8527,38003564,,,,"6cf3d1b9-4d5e-8bb3-51f4-e047a6386c38",F,0,white,0,nonhispanic,0
19,8507,1985,7,15,,8527,38003564,,,,"97a9452d-5e50-ce0c-be14-b3b6059348f8",M,0,white,0,nonhispanic,0
20,8507,2008,4,7,,8527,38003564,,,,"9d188916-8390-282b-3ec2-73fce6e08649",M,0,white,0,nonhispanic,0
21,8532,1955,6,22,,8527,38003564,,,,"9e886a7a-8005-c51c-1c8a-80fd103ec297",F,0,white,0,nonhispanic,0
22,8532,1988,4,29,,8527,38003564,,,,a0fe2cde-ae1e-e7d2-7aa6-53a0917210ad,F,0,white,0,nonhispanic,0
23,8507,1967,9,21,,8527,38003564,,,,bd9aaf62-d8f4-7c54-6dc1-256867d9f132,M,0,white,0,nonhispanic,0
24,8532,1965,10,24,,8527,38003564,,,,bdf24b75-bb30-509a-58ae-03a793239a32,F,0,white,0,nonhispanic,0
25,8507,1973,10,28,,8527,38003564,,,,c2d1b552-0725-58ca-03fa-158d3437c06c,M,0,white,0,nonhispanic,0
26,8532,1988,2,19,,8516,38003564,,,,d1abe87e-9e6a-ad7e-7bcc-e9edf404a8e7,F,0,black,0,nonhispanic,0
27,8532,1977,10,25,,8527,38003564,,,,d9c46e2f-80eb-c9aa-3f1f-c707e175b4fa,F,0,white,0,nonhispanic,0
