"provider_id","provider_name","npi","dea","specialty_concept_id","care_site_id","year_of_birth","gender_concept_id","provider_source_value","specialty_source_value","specialty_source_concept_id","gender_source_value","gender_source_concept_id"
1,Ludivina884 Steuber698,,,38004446,,,8532,"0f4db68f-7743-3960-b373-4a47d811dec2",GENERAL PRACTICE,38004446,F,8532
2,Víctor493 Noriega353,,,38004446,,,8507,"2d85c411-b7bb-3133-8903-276c2e31f452",GENERAL PRACTICE,38004446,M,8507
3,Bernard308 Carter549,,,38004446,,,8507,"6373febb-90f8-37da-bacb-23ee9c8ad945",GENERAL PRACTICE,38004446,M,8507
4,Jodie811 Wintheiser220,,,38004446,,,8532,"6c547cc7-1901-3e07-9823-58783300be58",GENERAL PRACTICE,38004446,F,8532
5,Burt293 Quigley282,,,38004446,,,8507,"32702d79-17ef-3b87-81b4-6d3b9ffccd8a",GENERAL PRACTICE,38004446,M,8507
6,Jerold208 Spencer878,,,38004446,,,8507,"74e8c85e-b952-3d83-9fde-3b4875d0770d",GENERAL PRACTICE,38004446,M,8507
7,Octavio643 Schaefer657,,,38004446,,,8507,"88d2e4e6-9260-3e46-ac93-43d61015e61a",GENERAL PRACTICE,38004446,M,8507
8,Ashlyn643 Walker122,,,38004446,,,8532,"05bc3b8c-d018-34a5-8cbe-52823cab8017",GENERAL PRACTICE,38004446,F,8532
9,Amos720 Jacobson885,,,38004446,,,8507,d662984d-ef8b-3bd2-83b0-354f30f738ba,GENERAL PRACTICE,38004446,M,8507
10,Willena258 Oberbrunner298,,,38004446,,,8532,"84871f55-aae0-396d-b394-b8fe7f58fd69",GENERAL PRACTICE,38004446,F,8532
11,Douglass930 Windler79,,,38004446,,,8507,"432d5119-2134-3566-9636-c7a25ef75e20",GENERAL PRACTICE,38004446,M,8507
12,Damaris45 Borer986,,,38004446,,,8532,abbdd38a-adb8-3bd0-bb0d-96477128bbc9,GENERAL PRACTICE,38004446,F,8532
13,Antwan357 Harris789,,,38004446,,,8507,a1c6a1e2-461f-3fa4-b418-6db5ec666655,GENERAL PRACTICE,38004446,M,8507
14,Harris789 Blanda868,,,38004446,,,8507,"7e12746d-fe93-350f-b16d-8da1fc9121b0",GENERAL PRACTICE,38004446,M,8507
15,Marcelene872 Mayert710,,,38004446,,,8532,"4326941f-a8d5-3658-93cb-6baa8d7eaecb",GENERAL PRACTICE,38004446,F,8532
16,Olive251 Pollich983,,,38004446,,,8532,"41da58de-2be9-33f3-9e75-6faf7c1b030d",GENERAL PRACTICE,38004446,F,8532
17,Ester635 Aguayo104,,,38004446,,,8532,"12019ea9-2edb-3e8b-a5b7-d715ad54c22f",GENERAL PRACTICE,38004446,F,8532
18,Andrea7 Hirthe744,,,38004446,,,8507,"7ff689b9-ad65-37f6-bd92-fdc8b0d234e5",GENERAL PRACTICE,38004446,M,8507
19,Garry927 Witting912,,,38004446,,,8507,c37315d0-08e9-3a71-b046-0835fdbdb50b,GENERAL PRACTICE,38004446,M,8507
20,Courtney281 Bradtke547,,,38004446,,,8507,b71e647e-2e98-3316-ba03-87fd33e94759,GENERAL PRACTICE,38004446,M,8507
21,Regena252 Kunde533,,,38004446,,,8532,fdedc5ef-65d7-3d10-a821-d1e7846d426d,GENERAL PRACTICE,38004446,F,8532
22,Alta896 Schiller186,,,38004446,,,8532,"3466d9fb-8c37-317c-9c94-10f34a122729",GENERAL PRACTICE,38004446,F,8532
23,Donnell534 Lehner980,,,38004446,,,8507,"26770feb-36bd-33a6-a255-4acfc0cc3310",GENERAL PRACTICE,38004446,M,8507
24,Annika454 Murazik203,,,38004446,,,8532,"1715c9e4-80a8-36c4-b974-1b74b08fd071",GENERAL PRACTICE,38004446,F,8532
25,Harris789 Funk324,,,38004446,,,8507,"7308cb67-e3b9-354e-be0b-ade91219ff33",GENERAL PRACTICE,38004446,M,8507
26,Zackary401 Sauer652,,,38004446,,,8507,"7b807c2e-548c-3f04-bef3-779371a1580c",GENERAL PRACTICE,38004446,M,8507
27,Micheal721 Heathcote539,,,38004446,,,8507,e3e727c4-5824-3086-b685-bb5f48dc8124,CLINICAL PSYCHOLOGIST,38004446,M,8507
28,Queen50 Cruickshank494,,,38004446,,,8532,"6934ba3a-33a1-3c8e-8bf3-b8684d9f2cf6",CLINICAL PSYCHOLOGIST,38004446,F,8532
29,Micheal721 Heathcote539,,,38004446,,,8507,ce289e51-83cb-39f5-9973-57f29fe36efb,CLINICAL SOCIAL WORKER,38004446,M,8507
30,Ruth999 Heathcote539,,,38004446,,,8532,"29cc730c-6f17-3e77-8413-36b32a04cb6b",GENERAL PRACTICE,38004446,F,8532
31,Lolita963 Considine820,,,38004446,,,8532,ed04abf5-0cd0-36dc-bc4a-2af42f32bf36,OPTOMETRY,38004446,F,8532
32,Latisha994 Windler79,,,38004446,,,8532,"0a10b2a8-5389-3925-acc8-a55e56504c33",OPTOMETRY,38004446,F,8532
33,Freddy176 Considine820,,,38004446,,,8507,f98dc38d-9c3f-32cb-b7a3-ac99a7df97f4,GENERAL PRACTICE,38004446,M,8507
34,Celesta195 Herman763,,,38004446,,,8532,a74688dd-62ac-34cd-a644-227db75ecbcc,CLINICAL PSYCHOLOGIST,38004446,F,8532
35,Blanch844 D'Amore443,,,38004446,,,8532,af42a11b-9cff-3b54-bdf7-5a6cac93d4f1,CLINICAL PSYCHOLOGIST,38004446,F,8532
36,Celesta195 Herman763,,,38004446,,,8532,"52c491d3-23fe-360f-bed8-4f78fc095e95",GENERAL PRACTICE,38004446,F,8532
37,Alphonso102 Denesik803,,,38004446,,,8507,c1becd7f-4ae3-3b8b-86b6-fa1fadcc0b80,CLINICAL PSYCHOLOGIST,38004446,M,8507
38,Alphonso102 Denesik803,,,38004446,,,8507,"7adb8af5-841d-3940-88c9-385c4f087652",GENERAL PRACTICE,38004446,M,8507
39,Hana676 Ratke343,,,38004446,,,8532,"5bedd4d7-dbd7-3747-9206-5650021625e9",NURSE PRACTITIONER,38004446,F,8532
40,Felicia295 Rolfson709,,,38004446,,,8532,d6b1e113-9018-3e78-9c70-68423f8c1d2f,NURSE PRACTITIONER,38004446,F,8532
41,Hana676 Ratke343,,,38004446,,,8532,"47d46973-e610-32cc-91c6-aadca48fe3b5",AUDIOLOGIST,38004446,F,8532
42,Felicia295 Rolfson709,,,38004446,,,8532,"629ab1ac-58ea-3545-82d4-5dd5cc7c2366",AUDIOLOGIST,38004446,F,8532
43,Amparo58 Heathcote539,,,38004446,,,8532,"805e894d-4039-3642-a272-78dc277ceda4",AUDIOLOGIST,38004446,F,8532
44,Ervin886 Cruickshank494,,,38004446,,,8507,b4cad586-67a7-3721-aae0-90e0b2ebf2e8,AUDIOLOGIST,38004446,M,8507
45,Doria135 Quitzon246,,,38004446,,,8532,"396a5c36-6afb-3495-b3a7-7b0713528315",AUDIOLOGIST,38004446,F,8532
46,Danette111 Leffler128,,,38004446,,,8532,"67eaf455-2bb3-391f-8791-62c019061c87",AUDIOLOGIST,38004446,F,8532
47,Brendan864 Smith67,,,38004446,,,8507,a9d81785-26c0-3244-ad08-03e8a8d8797e,AUDIOLOGIST,38004446,M,8507
48,Roxie199 O'Keefe54,,,38004446,,,8532,"558bc45e-f496-3ab3-8afa-a26772d589fb",AUDIOLOGIST,38004446,F,8532
49,Hana676 Ratke343,,,38004446,,,8532,b8a997b3-81e5-35b6-9a59-a946ef004801,PSYCHIATRY,38004446,F,8532
50,Bret7 Rolfson709,,,38004446,,,8507,"1f962d70-5ec3-3130-91dc-20cf14cb99c9",PSYCHIATRY,38004446,M,8507
51,Hana676 Ratke343,,,38004446,,,8532,"3ca78c67-c89f-3a71-9abc-0d051f988e64",GENERAL PRACTICE,38004446,F,8532
52,Samual455 Ratke343,,,38004446,,,8507,"4187a583-7933-338a-aadc-428546c56091",INTERNAL MEDICINE,38004446,M,8507
53,Bret7 Rolfson709,,,38004446,,,8507,"988c38fd-ce46-30c8-9690-eb483114e001",INTERNAL MEDICINE,38004446,M,8507
54,Barrett790 Heathcote539,,,38004446,,,8507,c1f3e38d-0fb3-3a8a-8cf3-46603f82fd85,INTERNAL MEDICINE,38004446,M,8507
55,Ervin886 Cruickshank494,,,38004446,,,8507,e3325f3e-3907-3ca1-9c2a-7af4d5d5bfe3,INTERNAL MEDICINE,38004446,M,8507
56,Doria135 Quitzon246,,,38004446,,,8532,c9f3e262-7093-30d2-a6d7-48450a99b51c,INTERNAL MEDICINE,38004446,F,8532
57,Kelley882 Leffler128,,,38004446,,,8507,"73e5b276-f90f-3ec3-ba62-291ab7fb949f",INTERNAL MEDICINE,38004446,M,8507
58,Shemika942 Smith67,,,38004446,,,8532,"4469c7fa-ee3f-33ba-b72c-a15f553c8093",INTERNAL MEDICINE,38004446,F,8532
59,Freddy176 O'Keefe54,,,38004446,,,8507,"88f1f951-a6fb-3e70-ab22-820d0ba9cd5a",INTERNAL MEDICINE,38004446,M,8507
60,Tula326 Douglas31,,,38004446,,,8532,"1b61d352-e259-36e4-99de-ede947eb9e4e",INTERNAL MEDICINE,38004446,F,8532
61,Salvatore257 Aufderhar910,,,38004446,,,8507,"48dbf2df-71f5-3b90-90ae-3a553d0e1cab",INTERNAL MEDICINE,38004446,M,8507
62,Sandra485 Collins926,,,38004446,,,8532,"48014170-4070-3ae6-9820-1940abf348ca",INTERNAL MEDICINE,38004446,F,8532
63,Britt177 Wilkinson796,,,38004446,,,8507,f03ebae5-81d1-339b-917b-b9ba35f10f8a,INTERNAL MEDICINE,38004446,M,8507
64,Mel236 Gislason620,,,38004446,,,8507,"0bb23a81-299d-3aa2-a52e-27e06b53fc98",INTERNAL MEDICINE,38004446,M,8507
65,Trevor374 Gutkowski940,,,38004446,,,8507,e86ae00f-5e2c-3fcf-baf1-c432683f26a9,INTERNAL MEDICINE,38004446,M,8507
66,Germán350 Casárez469,,,38004446,,,8507,"739d1095-0cd9-33a7-91f4-4d690b690063",INTERNAL MEDICINE,38004446,M,8507
67,Chadwick722 Kilback373,,,38004446,,,8507,f7701166-3105-3bc9-9dbf-799c1f2ae46a,INTERNAL MEDICINE,38004446,M,8507
68,Clemente531 Reyes140,,,38004446,,,8507,"1ff49306-a041-35fe-96af-61af369504f7",INTERNAL MEDICINE,38004446,M,8507
69,Asley870 Marvin195,,,38004446,,,8532,"88ef4eea-ab8b-3e49-b590-3fd1748db8a1",INTERNAL MEDICINE,38004446,F,8532
70,Antonio44 Serrato62,,,38004446,,,8507,"7ad3c11b-bc66-31c1-84ba-8474334e48de",INTERNAL MEDICINE,38004446,M,8507
71,Cheryll577 Weimann465,,,38004446,,,8532,"62aa160c-edb0-37e9-9f61-a6cc5cd6c97a",INTERNAL MEDICINE,38004446,F,8532
72,Olene159 Rogahn59,,,38004446,,,8532,cd8ba3f9-ad8f-36de-9037-464c458aa69a,INTERNAL MEDICINE,38004446,F,8532
73,Santos184 Schaden604,,,38004446,,,8507,da045247-0771-3315-aa6b-b8d1b75e813f,INTERNAL MEDICINE,38004446,M,8507
74,Cori307 Ritchie586,,,38004446,,,8532,"56c0c8f9-0396-345b-83c1-8c296ecd06f0",PHYSICAL THERAPY,38004446,F,8532
75,Marcel580 Lynch190,,,38004446,,,8507,ed13dd20-13ae-356f-becd-ddfc197086c8,PHYSICAL THERAPY,38004446,M,8507
76,Cyril535 Stroman228,,,38004446,,,8507,"896c1c72-9c28-338f-b47b-4418322c5464",PHYSICAL THERAPY,38004446,M,8507
77,Gregorio366 Chacón810,,,38004446,,,8507,ec5b33c5-4284-3d79-ab5c-e244139baafb,PHYSICAL THERAPY,38004446,M,8507
78,Cori307 Ritchie586,,,38004446,,,8532,"8bba0a8c-152d-3c95-ab43-b7ab8fcea6b1",GENERAL PRACTICE,38004446,F,8532
79,Margarett339 Robel940,,,38004446,,,8532,"35c7a217-a780-3c9c-94b1-2c44a885e9b8",GENERAL PRACTICE,38004446,F,8532
80,Bernardo699 Kunze215,,,38004446,,,8507,e23c61c4-7d45-3a9f-a0d0-d2548ad6ff25,GENERAL PRACTICE,38004446,M,8507
81,Ozzie259 O'Reilly797,,,38004446,,,8507,"81449fd5-bd2b-3c79-b7fe-9926755d73a1",PHYSICAL THERAPY,38004446,M,8507
82,Hedwig986 O'Reilly797,,,38004446,,,8532,"134540f7-6390-3ae2-a6c1-fdd9201cae4f",GENERAL PRACTICE,38004446,F,8532
83,Ronny764 Abshire638,,,38004446,,,8507,d3649f9f-67fd-3c80-bd96-8f475dc6a254,NURSE PRACTITIONER,38004446,M,8507
84,Thomasena108 Senger904,,,38004446,,,8532,"2b8d1e43-c71a-3ad0-9c9d-95c775a64a28",NURSE PRACTITIONER,38004446,F,8532
85,Ronny764 Abshire638,,,38004446,,,8507,c24ba7d4-96ab-3653-83ce-cf831cb1fba2,GENERAL PRACTICE,38004446,M,8507
86,Kieth891 Lebsack687,,,38004446,,,8507,"435317d3-ee8b-36f5-a133-5029c974fe53",CHIROPRACTIC,38004446,M,8507
87,Kieth891 Lebsack687,,,38004446,,,8507,beafdec8-0878-3450-b9fb-9be197a153bc,PHYSICAL THERAPY,38004446,M,8507
88,Kieth891 Lebsack687,,,38004446,,,8507,"25b10180-1e58-3555-88f5-d75a996d903e",GENERAL PRACTICE,38004446,M,8507
89,Faviola526 Rath779,,,38004446,,,8532,f3a67039-79c4-34b5-9c65-d331cd2fbafa,PHYSICAL THERAPY,38004446,F,8532
90,Faviola526 Rath779,,,38004446,,,8532,"3cdc0c8d-5ce9-3b36-8c97-64e67ae996ff",GENERAL PRACTICE,38004446,F,8532
91,Harriett813 Boyle917,,,38004446,,,8532,"22d2a149-d0ce-36fb-89a1-668016e1ea96",PHYSICAL THERAPY,38004446,F,8532
92,Aaron697 Von197,,,38004446,,,8507,"6b634b2a-96f2-3ae3-96d2-c4268703a6d0",PHYSICAL THERAPY,38004446,M,8507
93,Judy192 Koepp521,,,38004446,,,8532,"3059b083-8f25-353c-8f5c-81d7e78aba73",PHYSICAL THERAPY,38004446,F,8532
94,Javier97 Baca589,,,38004446,,,8507,"9e032588-4f47-3905-a7cd-10e730351c30",PHYSICAL THERAPY,38004446,M,8507
95,Anthony633 McLaughlin530,,,38004446,,,8532,"3054c4f5-3b78-3a67-8cd9-a6544ed72d0d",PHYSICAL THERAPY,38004446,F,8532
96,Harriett813 Boyle917,,,38004446,,,8532,"719ae95c-131b-3b94-aed1-39ea87972382",GENERAL PRACTICE,38004446,F,8532
97,Reinaldo138 Stehr398,,,38004446,,,8507,"897b578e-4159-3d9a-aa39-e675a9a95e10",GENERAL PRACTICE,38004446,M,8507
98,Reinaldo138 Stehr398,,,38004446,,,8507,"0bc37ff4-df1a-3678-8caa-d0e8e6b5b3ec",INTERNAL MEDICINE,38004446,M,8507
99,Blair400 Borer986,,,38004446,,,8507,e57d69d6-5f47-3ee9-a29a-79f7e165cfa2,NURSE PRACTITIONER,38004446,M,8507
100,Filiberto722 Ullrich385,,,38004446,,,8507,"5b933968-cc3b-3b2f-8305-4085aae3287b",NURSE PRACTITIONER,38004446,M,8507
101,Thaddeus38 Emard19,,,38004446,,,8507,dae015dd-8e07-3164-afa8-f5160048f07c,NURSE PRACTITIONER,38004446,M,8507
102,Clark193 Barton704,,,38004446,,,8507,a24d03c1-17d1-3fac-9c45-1e2e282107b0,NURSE PRACTITIONER,38004446,M,8507
103,Elisa944 Espinal146,,,38004446,,,8532,"0f6cebc4-f612-33e3-a2e8-b9fba286390d",EMERGENCY MEDICINE,38004446,F,8532
104,Victoria535 Ullrich385,,,38004446,,,8532,aba6355f-9606-39ec-afdb-3d9bbedb4e2b,EMERGENCY MEDICINE,38004446,F,8532
105,Thaddeus38 Emard19,,,38004446,,,8507,"09c7e5fa-3df9-3133-ba74-cc9a28a5246c",EMERGENCY MEDICINE,38004446,M,8507
106,Lindsey52 Barton704,,,38004446,,,8532,da4fec47-6cbd-3c8a-b184-a83b0d1ae8de,EMERGENCY MEDICINE,38004446,F,8532
107,Alaine226 Borer986,,,38004446,,,8532,"06dd768a-a73f-3811-880e-79ac83778201",PHYSICIAN ASSISTANT,38004446,F,8532
108,Victoria535 Ullrich385,,,38004446,,,8532,"449747c7-4817-39b2-8314-7297fb5ebecc",PHYSICIAN ASSISTANT,38004446,F,8532
109,Malika385 Emard19,,,38004446,,,8532,cd422923-9882-3138-8f76-e30a0d196438,PHYSICIAN ASSISTANT,38004446,F,8532
110,Alaine226 Borer986,,,38004446,,,8532,ba9be8e2-f526-3db1-aab3-47b265212cce,GENERAL PRACTICE,38004446,F,8532
111,Omar359 Schneider199,,,38004446,,,8507,"883c5850-d97e-3de3-a697-be8fdbd98c8c",GENERAL PRACTICE,38004446,M,8507
112,Ryan260 Schneider199,,,38004446,,,8532,"1256b495-30c3-3743-a078-e233d28397dc",INTERNAL MEDICINE,38004446,F,8532
113,Zachariah133 Spinka232,,,38004446,,,8507,"0a5fb6de-a87a-35e0-b245-dc8d6912941a",INTERNAL MEDICINE,38004446,M,8507
114,Deane47 O'Conner199,,,38004446,,,8532,a5a1e6cb-612a-39bf-ac10-1f49e4a48711,INTERNAL MEDICINE,38004446,F,8532
115,Maynard46 Koss676,,,38004446,,,8507,cf35f2a2-efaa-391f-85d7-4d8abecaf07d,INTERNAL MEDICINE,38004446,M,8507
116,Jesus702 Armstrong51,,,38004446,,,8532,ace2a864-5b06-3aca-a8e2-e3115807d119,INTERNAL MEDICINE,38004446,F,8532
117,Ingeborg677 Sipes176,,,38004446,,,8532,"3d33895e-927b-3830-bd61-2bf7ce4acd7b",INTERNAL MEDICINE,38004446,F,8532
118,Gloria696 Acevedo301,,,38004446,,,8532,"5177c18d-2f87-36db-b00f-96262cbdd7ac",INTERNAL MEDICINE,38004446,F,8532
119,Bambi5 Lubowitz58,,,38004446,,,8532,"9039d51c-62b7-3d84-b71f-054b779cb2fd",GENERAL PRACTICE,38004446,F,8532
120,Leone669 Runolfsson901,,,38004446,,,8532,ed8b41e9-5365-3a49-ad5f-91bd8a8f174f,GENERAL PRACTICE,38004446,F,8532
121,Trey250 Schaden604,,,38004446,,,8507,"61d7ca3a-7017-3f55-a710-be8dd4c7ae88",NURSE PRACTITIONER,38004446,M,8507
122,Cornelius968 Mitchell808,,,38004446,,,8507,"29780ac0-34e7-3a5d-8341-b82037a2f701",NURSE PRACTITIONER,38004446,M,8507
123,Nikole56 Volkman526,,,38004446,,,8532,"4d1bd8c5-fd65-36ae-8e1a-1cf0c6137747",NURSE PRACTITIONER,38004446,F,8532
124,Horacio317 Nava670,,,38004446,,,8507,cb9a2ad1-4d29-3548-bc0f-2b5bf4bd7784,NURSE PRACTITIONER,38004446,M,8507
125,Davis923 Gottlieb798,,,38004446,,,8507,cd083970-b439-3d61-be26-1fef36f6b288,NURSE PRACTITIONER,38004446,M,8507
126,Jay242 Boyer713,,,38004446,,,8507,"4207cfbb-ef7b-3c5d-8bdf-e0d61f7450b1",NURSE PRACTITIONER,38004446,M,8507
127,Gidget756 Ullrich385,,,38004446,,,8532,cc30bcfc-9ae8-3d30-96f9-e4943d7efd18,NURSE PRACTITIONER,38004446,F,8532
128,Tanner110 Weissnat378,,,38004446,,,8507,f782a9cb-7bc0-3758-b482-a7928df71846,NURSE PRACTITIONER,38004446,M,8507
129,Joannie32 Gleichner915,,,38004446,,,8532,"8540601c-4a02-3a97-b9ca-03bd02398d00",NURSE PRACTITIONER,38004446,F,8532
130,Isela504 Bogisich202,,,38004446,,,8532,d064ac52-80bc-3961-b0c8-1d4c4d7fee29,NURSE PRACTITIONER,38004446,F,8532
131,Floyd420 Parker433,,,38004446,,,8507,db67c68d-0e66-34ee-9627-5720fc8a8045,NURSE PRACTITIONER,38004446,M,8507
132,Candy565 Schaden604,,,38004446,,,8532,"6073b81a-29f9-328c-94e4-ea8fa8210754",EMERGENCY MEDICINE,38004446,F,8532
133,Aurea194 Mitchell808,,,38004446,,,8532,db799768-b234-33c1-b72b-89c0e6eb0277,EMERGENCY MEDICINE,38004446,F,8532
134,Trey250 Schaden604,,,38004446,,,8507,df8209aa-9655-3114-967d-4cf520462c01,PHYSICIAN ASSISTANT,38004446,M,8507
135,Cornelius968 Mitchell808,,,38004446,,,8507,"22883852-bafc-364e-ae2b-34c6b13b37b9",PHYSICIAN ASSISTANT,38004446,M,8507
136,Nikole56 Volkman526,,,38004446,,,8532,b5fdf666-0e60-3347-93fb-10c9e3290a3b,PHYSICIAN ASSISTANT,38004446,F,8532
137,Candy565 Schaden604,,,38004446,,,8532,"34468b6c-773c-3b87-b1f0-2e79712902fc",FAMILY PRACTICE,38004446,F,8532
138,Esperanza675 Aparicio848,,,38004446,,,8532,ca4506a3-1a8b-3be7-9691-927c59876c20,FAMILY PRACTICE,38004446,F,8532
139,Candy565 Schaden604,,,38004446,,,8532,adfd8351-2773-3b6e-823d-76786e754aee,GENERAL PRACTICE,38004446,F,8532
140,Gilberto712 Gusikowski974,,,38004446,,,8507,"28b66d37-65ae-34bc-8804-7c9eea48e574",CLINICAL SOCIAL WORKER,38004446,M,8507
141,Marion502 Hauck852,,,38004446,,,8507,"86d52798-cf4b-309b-9142-7b0f65415918",CLINICAL SOCIAL WORKER,38004446,M,8507
142,Gilberto712 Gusikowski974,,,38004446,,,8507,"06817e97-b259-365d-9f80-3cff08fd4ff0",GENERAL PRACTICE,38004446,M,8507
143,Gale827 Sporer811,,,38004446,,,8532,"849e4e56-e3d9-3f29-bb9b-b83cf6bb35f0",GENERAL PRACTICE,38004446,F,8532
144,Chieko845 Senger904,,,38004446,,,8532,"7cc5b62c-6412-3ba8-b2de-e1c42fe012b8",PSYCHIATRY,38004446,F,8532
145,Chieko845 Senger904,,,38004446,,,8532,"1574a8cf-bf1d-3541-bf23-38ab50ec80da",CLINICAL SOCIAL WORKER,38004446,F,8532
146,Keneth579 Senger904,,,38004446,,,8507,c6fee5e3-6910-3785-87a9-1366028cd441,GENERAL PRACTICE,38004446,M,8507
147,Celina578 Purdy2,,,38004446,,,8532,dba4c820-0e4b-3326-9fc5-c1163f7981ab,NURSE PRACTITIONER,38004446,F,8532
148,Bobbi508 Ledner144,,,38004446,,,8532,"29eb3861-ed51-3904-91d8-98f51d2da90b",NURSE PRACTITIONER,38004446,F,8532
149,Celina578 Purdy2,,,38004446,,,8532,acc0cbe5-54e9-35a8-9dc7-2e368f4bd35c,GENERAL PRACTICE,38004446,F,8532
150,Antone63 Purdy2,,,38004446,,,8507,"3c3eeb23-6f86-32be-9cb3-8ee0551aa30a",INTERNAL MEDICINE,38004446,M,8507
151,Bobbi508 Ledner144,,,38004446,,,8532,b1f144ae-eb05-31c1-8c0d-a75b4a3a831a,INTERNAL MEDICINE,38004446,F,8532
152,Tam840 Glover433,,,38004446,,,8532,"52418a30-2f1e-3605-a098-a0adf591ec18",GENERAL PRACTICE,38004446,F,8532
153,Kortney212 Davis923,,,38004446,,,8532,"71dd7e5f-bee3-3491-aed2-9e45adf0dab3",PHYSICAL THERAPY,38004446,F,8532
154,Matthew562 Davis923,,,38004446,,,8507,"5fe3f8de-e52d-3cb8-8508-7fb9bd7062a6",GENERAL PRACTICE,38004446,M,8507
155,Valorie864 Ritchie586,,,38004446,,,8532,b1f83152-d8af-3831-ad06-a6c72780c88c,GENERAL PRACTICE,38004446,F,8532
156,Frederic454 Hermann103,,,38004446,,,8507,"2214f26f-b305-3821-a0f6-eedbb4d7e79a",GENERAL PRACTICE,38004446,M,8507
157,Johnathon489 Block661,,,38004446,,,8507,fad30a42-b154-384a-93dc-aee473b71090,GENERAL PRACTICE,38004446,M,8507
158,Evan94 Durgan499,,,38004446,,,8507,af7dfb92-eeba-3964-92ed-13e4c0f0922f,GENERAL PRACTICE,38004446,M,8507
159,Joellen497 Brekke496,,,38004446,,,8532,a4fcb408-5958-3812-8eee-61463037209c,GENERAL PRACTICE,38004446,F,8532
160,Jamar151 Stark857,,,38004446,,,8507,a3a8e36c-4382-3fc5-ae5e-d87d6b3f2b7e,GENERAL PRACTICE,38004446,M,8507
161,Armando772 Griego535,,,38004446,,,8507,"64905123-c65d-392d-88c5-a4fbd965f6eb",GENERAL PRACTICE,38004446,M,8507
162,Tresa661 DuBuque211,,,38004446,,,8532,d365eb32-f4df-369d-b628-f284a4169e85,GENERAL PRACTICE,38004446,F,8532
163,Eda506 Marvin195,,,38004446,,,8532,a787252e-b439-35e0-8568-2e34ffb903e2,GENERAL PRACTICE,38004446,F,8532
164,Violeta106 Walter473,,,38004446,,,8532,"48e1dc68-2d6d-399d-9f69-fa3437a83b7d",GENERAL PRACTICE,38004446,F,8532
165,Katheleen349 Veum823,,,38004446,,,8532,"5346d289-e828-31c0-bcf2-0da8eaff815d",GENERAL PRACTICE,38004446,F,8532
166,Delmar187 O'Keefe54,,,38004446,,,8507,"8e10201e-1c90-38f6-8286-14781d24cac7",GENERAL PRACTICE,38004446,M,8507
